id_apartamento,precio_millones_cop,mt2,ubicacion,estrato,alcobas,banos,balcon,parqueadero,administracion_millones_cop_mes,avaluo_estimado_millones_cop,terminado
1,213.56,43.16,norte,3,3,1,si,si,0.14,161.50,no
2,269.48,56.92,norte,2,2,1,si,si,0.14,200.58,si
3,282.91,66.40,norte,3,2,2,no,no,0.18,219.18,no
4,290.74,61.85,norte,2,3,2,si,si,0.16,214.38,no
5,395.48,89.80,norte,4,3,2,si,no,0.24,305.41,si
6,351.29,71.00,norte,3,3,2,no,si,0.17,277.46,si
7,298.11,54.83,norte,3,2,2,si,si,0.14,231.74,si
8,354.96,69.00,norte,3,3,2,si,si,0.17,277.44,si
9,420.21,93.00,norte,4,4,2,si,no,0.25,335.09,si
10,342.35,60.88,norte,4,3,2,si,si,0.15,254.82,si
11,199.59,43.00,occidente,2,2,1,no,no,0.14,159.26,no
12,212.47,37.56,occidente,3,3,1,no,si,0.14,165.73,si
13,248.14,46.00,occidente,3,2,1,si,si,0.15,189.28,no
14,229.80,42.00,occidente,3,2,1,si,no,0.14,179.81,si
15,265.50,51.70,occidente,3,3,1,no,no,0.15,212.59,si
16,233.84,44.81,occidente,3,3,1,si,no,0.14,188.87,no
17,263.68,45.35,occidente,3,3,1,si,si,0.14,211.11,si
18,420.42,100.00,occidente,2,3,2,si,no,0.33,322.41,si
19,288.75,50.00,occidente,3,3,2,si,si,0.14,232.57,si
20,235.11,40.00,occidente,3,2,1,no,no,0.14,173.77,si
21,269.78,48.00,occidente,3,2,1,si,si,0.15,206.31,no
22,453.35,107.00,occidente,3,4,2,si,no,0.35,358.55,si
23,279.65,51.00,occidente,3,2,1,no,no,0.17,207.97,si
24,273.39,42.00,occidente,4,2,2,no,si,0.14,203.27,si
25,296.29,53.00,occidente,3,3,2,si,no,0.16,224.75,si
26,280.13,48.00,occidente,3,3,1,no,no,0.16,205.91,si
27,262.72,40.00,occidente,3,2,1,no,si,0.14,207.40,si
28,316.99,57.00,occidente,3,2,2,no,no,0.19,238.35,si
29,327.94,57.41,occidente,4,3,2,no,no,0.18,247.29,si
30,317.76,56.00,occidente,3,3,2,no,no,0.18,240.15,si
31,311.23,54.00,occidente,3,2,1,si,no,0.16,238.78,si
32,415.18,78.00,occidente,4,3,2,no,si,0.24,317.00,no
33,431.36,79.00,occidente,3,3,2,no,si,0.24,321.14,si
34,364.20,62.50,occidente,4,3,2,si,si,0.19,270.50,no
35,354.31,56.00,occidente,4,3,2,si,si,0.17,264.80,si
36,427.68,84.00,occidente,3,3,3,si,no,0.24,332.60,si
37,341.68,55.00,occidente,3,2,2,si,si,0.17,260.06,si
38,438.36,80.00,occidente,3,2,3,no,si,0.23,331.12,si
39,437.38,76.00,occidente,4,3,2,no,si,0.25,349.20,si
40,372.78,62.00,occidente,3,3,2,no,si,0.18,295.96,si
41,367.57,58.00,occidente,4,3,2,si,si,0.18,277.77,si
42,488.92,94.10,occidente,4,3,2,si,si,0.28,371.89,no
43,422.36,74.00,occidente,3,3,2,no,si,0.23,312.11,si
44,409.89,70.00,occidente,3,3,2,no,si,0.19,305.52,si
45,371.75,58.00,occidente,4,2,1,si,si,0.19,293.74,si
46,478.92,85.00,occidente,5,3,2,si,si,0.28,376.78,no
47,404.51,66.00,occidente,3,2,2,si,si,0.20,312.77,si
48,511.92,100.00,occidente,3,3,3,si,si,0.29,399.13,no
49,402.43,64.90,occidente,3,3,2,si,si,0.20,309.52,si
50,543.16,99.00,occidente,5,3,2,si,si,0.30,409.63,no
51,437.50,70.00,occidente,4,2,2,si,si,0.22,329.38,si
52,436.38,73.00,occidente,5,3,2,si,no,0.22,332.59,si
53,515.23,86.00,occidente,5,3,2,si,si,0.27,387.87,si
54,506.83,91.00,occidente,3,4,2,no,si,0.28,393.75,si
55,575.38,120.00,occidente,3,4,2,no,no,0.40,436.09,si
56,451.88,70.00,occidente,5,2,2,si,si,0.22,357.38,si
57,604.96,108.00,occidente,5,3,3,no,si,0.34,457.79,si
58,482.15,83.00,occidente,3,3,2,si,si,0.26,364.54,si
59,471.52,74.00,occidente,5,3,2,si,si,0.24,357.98,si
60,476.59,75.20,occidente,5,3,2,si,si,0.24,379.71,si
61,630.75,130.00,occidente,4,3,2,si,no,0.43,487.54,si
62,533.36,97.00,occidente,4,2,2,si,si,0.32,416.53,no
63,510.28,82.00,occidente,5,3,2,si,si,0.26,411.00,si
64,675.03,130.00,occidente,4,4,3,no,si,0.36,543.43,si
65,530.76,87.00,occidente,5,3,2,si,si,0.27,409.58,si
66,516.56,88.81,occidente,5,3,2,no,si,0.29,415.81,no
67,558.19,101.00,occidente,3,4,2,no,si,0.33,429.90,si
68,624.93,114.00,occidente,4,3,2,no,si,0.35,502.69,si
69,573.73,96.31,occidente,5,3,2,si,si,0.27,432.87,si
70,437.94,74.00,occidente,3,3,2,si,si,0.22,351.23,no
71,573.17,112.00,occidente,3,3,2,si,no,0.37,464.04,si
72,679.99,120.00,occidente,5,4,3,si,si,0.36,549.43,si
73,679.99,120.00,occidente,5,3,2,si,si,0.34,546.88,si
74,699.83,135.00,occidente,3,3,2,no,si,0.37,529.97,si
75,493.39,79.81,occidente,3,3,2,si,si,0.24,373.99,si
76,616.02,110.00,occidente,3,3,2,si,si,0.33,469.75,si
77,866.01,174.00,occidente,4,3,2,no,si,0.52,663.43,si
78,796.92,160.00,occidente,3,4,3,si,si,0.44,632.69,si
79,607.35,101.00,occidente,5,4,2,no,no,0.31,477.62,si
80,841.32,85.00,poblado,6,3,2,no,si,0.54,643.11,si
81,571.68,60.00,poblado,6,2,2,si,si,0.37,434.29,no
82,594.94,64.05,poblado,5,2,2,no,si,0.41,469.43,no
83,626.99,64.50,poblado,5,2,1,no,si,0.41,463.62,si
84,546.92,50.00,poblado,6,2,1,no,si,0.32,434.65,si
85,566.90,56.00,poblado,6,2,2,si,si,0.34,418.55,no
86,764.18,88.61,poblado,4,2,2,si,si,0.52,607.61,si
87,783.50,92.00,poblado,4,3,3,no,si,0.48,579.35,si
88,739.99,85.00,poblado,6,2,1,no,no,0.54,587.43,si
89,721.96,76.00,poblado,5,2,2,si,si,0.49,541.41,si
90,721.96,76.00,poblado,5,3,3,si,si,0.49,543.72,si
91,719.47,85.00,poblado,4,2,2,no,no,0.50,554.97,si
92,688.83,74.00,poblado,5,2,2,no,si,0.48,532.77,no
93,734.79,77.14,poblado,6,2,2,no,si,0.51,541.86,no
94,820.76,85.00,poblado,6,3,2,si,si,0.52,637.70,si
95,755.21,75.00,poblado,6,2,2,no,si,0.47,553.36,si
96,886.60,94.00,poblado,6,3,2,no,si,0.57,705.38,si
97,756.56,77.00,poblado,5,3,2,no,si,0.48,554.53,si
98,789.70,78.40,poblado,6,1,2,si,si,0.49,619.00,si
99,802.31,85.00,poblado,6,3,2,no,si,0.54,591.21,no
100,907.94,96.00,poblado,6,3,2,no,si,0.60,704.78,si
101,822.62,88.00,poblado,6,3,3,si,si,0.56,633.48,no
102,859.48,88.40,poblado,6,3,2,si,si,0.56,661.32,si
103,755.62,72.32,poblado,6,1,1,si,si,0.45,610.24,si
104,870.30,93.00,poblado,5,3,2,no,si,0.58,679.18,si
105,807.67,85.00,poblado,6,2,3,no,si,0.54,590.57,no
106,722.49,70.00,poblado,5,1,2,si,si,0.44,557.82,si
107,1063.08,120.00,poblado,6,3,2,no,si,0.72,805.47,si
108,801.93,85.00,poblado,4,3,2,si,si,0.56,642.19,si
109,930.29,103.00,poblado,6,4,3,no,si,0.61,679.78,no
110,839.46,83.00,poblado,6,3,2,si,si,0.52,642.56,si
111,937.51,98.00,poblado,6,3,2,no,si,0.62,759.01,si
112,1299.17,158.00,poblado,6,4,2,no,si,0.96,1009.82,si
113,791.54,75.00,poblado,6,3,2,si,si,0.45,606.32,si
114,952.04,99.00,poblado,6,3,2,si,si,0.58,733.38,si
115,945.64,98.00,poblado,6,2,2,si,si,0.61,695.23,si
116,866.96,86.00,poblado,6,2,2,si,si,0.53,647.24,si
117,763.21,71.00,poblado,6,3,2,si,si,0.45,564.59,si
118,784.51,74.00,poblado,6,3,2,si,si,0.47,590.27,si
119,998.29,105.00,poblado,6,2,3,si,si,0.67,729.95,si
120,802.12,78.00,poblado,5,3,3,si,si,0.46,638.94,si
121,922.73,98.00,poblado,6,3,2,si,si,0.58,712.20,no
122,1069.06,115.00,poblado,6,3,2,si,si,0.70,787.17,si
123,881.91,85.60,poblado,6,2,2,si,si,0.51,659.88,si
124,1369.68,165.00,poblado,6,3,2,si,si,1.01,1044.13,si
125,1235.91,147.00,poblado,5,3,3,no,si,0.87,985.27,si
126,722.03,63.00,poblado,6,1,1,no,si,0.41,566.30,si
127,849.05,87.00,poblado,4,3,3,si,si,0.53,650.30,si
128,867.32,83.00,poblado,6,2,2,si,si,0.53,660.76,si
129,781.77,71.00,poblado,6,1,1,no,si,0.44,614.16,si
130,1419.42,180.00,poblado,5,3,3,no,si,1.06,1124.18,si
131,1053.71,115.00,poblado,5,3,2,si,si,0.71,845.08,si
132,1183.24,140.00,poblado,6,4,3,no,si,0.84,868.69,no
133,1819.12,250.00,poblado,6,4,4,si,si,1.50,1452.97,si
134,989.08,100.00,poblado,6,3,3,si,si,0.68,769.03,si
135,852.68,80.00,poblado,6,2,2,no,si,0.50,657.18,si
136,1034.60,107.00,poblado,6,3,2,si,si,0.64,758.49,si
137,827.38,79.50,poblado,5,2,2,si,si,0.48,651.25,si
138,1159.24,135.00,poblado,6,3,2,si,si,0.81,875.64,no
139,990.63,106.00,poblado,6,3,3,si,si,0.66,746.94,no
140,1417.79,170.00,poblado,6,3,2,no,si,1.03,1147.62,si
141,817.63,79.00,poblado,6,3,2,si,si,0.48,654.23,no
142,921.95,89.00,poblado,6,3,2,si,si,0.54,684.16,si
143,1186.50,138.00,poblado,6,3,2,si,si,0.85,950.43,no
144,1125.11,127.00,poblado,6,2,2,si,si,0.74,872.37,no
145,1074.59,115.30,poblado,5,3,2,si,si,0.72,787.29,si
146,1068.87,110.00,poblado,6,3,3,si,si,0.66,816.36,si
147,1400.69,175.64,poblado,6,3,2,no,si,1.09,1039.76,no
148,1176.05,127.00,poblado,6,3,2,si,si,0.77,893.05,si
149,1627.49,207.00,poblado,6,3,2,no,si,1.22,1308.37,si
150,1198.54,130.00,poblado,6,3,4,si,si,0.78,920.00,si
151,1072.52,110.00,poblado,6,3,2,si,si,0.66,800.61,si
152,967.83,99.72,poblado,6,3,2,si,si,0.61,724.56,no
153,941.69,90.00,poblado,6,3,2,si,si,0.56,687.81,si
154,1069.61,109.00,poblado,6,4,3,si,si,0.66,827.36,si
155,1184.04,127.00,poblado,6,3,3,si,si,0.78,946.10,si
156,975.21,94.39,poblado,6,3,2,si,si,0.59,736.48,si
157,1351.81,164.00,poblado,6,3,4,si,si,0.99,1062.09,no
158,982.60,95.00,poblado,6,3,2,si,si,0.57,764.38,si
159,1122.16,116.00,poblado,6,3,3,si,si,0.69,830.85,si
160,1214.97,139.00,poblado,6,3,2,si,si,0.86,970.71,no
161,861.12,81.00,poblado,5,3,2,si,si,0.48,657.00,si
162,1147.74,120.00,poblado,6,2,2,si,si,0.72,876.14,si
163,950.95,90.00,poblado,6,2,2,si,si,0.57,763.42,si
164,1598.61,208.00,poblado,6,3,3,si,si,1.27,1174.66,no
165,1122.85,115.00,poblado,6,3,2,no,si,0.74,884.36,si
166,1556.95,188.00,poblado,6,3,3,no,si,1.13,1179.30,si
167,1622.35,200.00,poblado,6,3,4,si,si,1.22,1265.56,si
168,1076.93,108.00,poblado,6,3,3,si,si,0.65,795.72,si
169,1156.47,125.00,poblado,5,3,2,no,si,0.76,924.25,si
170,1155.09,120.00,poblado,6,3,2,si,si,0.71,868.44,si
171,953.96,90.00,poblado,6,2,2,si,si,0.55,704.18,si
172,1093.56,110.00,poblado,6,3,2,si,si,0.66,813.70,si
173,1227.01,136.00,poblado,5,3,3,si,si,0.82,934.88,si
174,994.94,101.00,poblado,6,2,2,si,si,0.62,804.15,no
175,1029.56,100.00,poblado,6,3,2,si,si,0.61,773.73,si
176,1521.97,180.00,poblado,6,3,3,no,si,1.09,1171.55,si
177,1152.57,126.00,poblado,6,3,2,no,si,0.81,894.86,no
178,1225.81,130.00,poblado,6,3,3,no,si,0.83,963.98,si
179,1305.45,158.00,poblado,5,3,2,si,si,0.93,1021.38,no
180,1015.82,98.00,poblado,6,2,2,si,si,0.61,750.00,si
181,1243.70,140.00,poblado,6,3,3,si,si,0.87,955.86,no
182,1036.75,100.14,poblado,6,2,2,si,si,0.62,800.62,si
183,1245.81,132.00,poblado,6,2,2,si,si,0.87,999.74,si
184,1280.77,137.00,poblado,6,3,3,si,si,0.84,1021.23,si
185,1031.93,99.00,poblado,6,3,2,si,si,0.61,759.17,si
186,1251.68,132.00,poblado,6,3,2,si,si,0.88,1012.66,si
187,1076.24,105.00,poblado,6,3,3,si,si,0.66,853.33,si
188,1447.73,164.00,poblado,6,1,1,no,si,0.96,1097.96,si
189,1400.38,156.00,poblado,6,4,4,si,si,0.94,1080.09,si
190,1240.48,130.00,poblado,6,3,2,si,si,0.81,922.92,si
191,1412.29,158.00,poblado,6,3,2,si,si,1.02,1112.21,si
192,1453.60,165.00,poblado,6,3,3,no,si,1.01,1138.81,si
193,1240.48,130.00,poblado,6,3,2,si,si,0.78,949.22,si
194,1208.54,125.00,poblado,6,3,3,si,si,0.75,915.98,si
195,1540.19,180.00,poblado,6,3,2,si,si,1.10,1225.62,si
196,1239.49,137.00,poblado,6,3,2,si,si,0.81,916.83,no
197,1240.19,137.00,poblado,6,3,3,si,si,0.83,928.16,no
198,1716.23,210.00,poblado,6,3,3,no,si,1.34,1346.49,si
199,1432.31,160.00,poblado,6,3,2,no,si,0.98,1157.42,si
200,1182.92,120.00,poblado,6,4,3,si,si,0.71,946.71,si
201,1458.72,171.00,poblado,5,3,3,no,si,1.05,1070.12,si
202,1058.76,108.00,poblado,6,3,3,si,si,0.64,780.60,no
203,812.66,72.00,poblado,6,2,2,no,si,0.45,657.67,no
204,1373.68,149.00,poblado,6,3,3,si,si,0.92,1008.06,si
205,1378.81,155.80,poblado,5,3,2,si,si,0.90,1014.25,si
206,1361.39,147.00,poblado,6,3,2,no,si,0.88,1036.83,si
207,1053.70,100.00,poblado,6,3,2,si,si,0.63,771.39,si
208,1398.10,153.00,poblado,6,3,3,si,si,0.92,1057.63,si
209,970.78,94.00,poblado,6,2,2,si,si,0.60,745.64,no
210,1247.12,137.00,poblado,6,3,3,si,si,0.83,955.29,no
211,1789.73,220.00,poblado,6,3,3,si,si,1.39,1323.97,si
212,1438.92,168.50,poblado,6,3,3,no,si,1.05,1099.10,no
213,1280.54,132.98,poblado,6,4,3,si,si,0.90,1014.19,si
214,1671.86,197.00,poblado,6,3,3,si,si,1.20,1318.23,si
215,1473.95,163.00,poblado,6,3,3,si,si,0.97,1102.75,si
216,1065.07,100.00,poblado,6,2,2,no,si,0.65,854.02,si
217,1400.87,151.00,poblado,6,3,3,no,si,0.96,1083.04,si
218,1596.03,183.00,poblado,6,3,3,si,si,1.14,1254.35,si
219,1656.07,193.00,poblado,6,3,3,si,si,1.26,1252.39,si
220,1570.93,178.00,poblado,6,3,2,si,si,1.08,1209.11,si
221,1260.96,136.00,poblado,6,3,3,si,si,0.82,975.48,no
222,1105.91,105.00,poblado,6,3,2,si,si,0.64,831.20,si
223,1081.75,108.00,poblado,6,2,3,si,si,0.67,828.01,no
224,1198.21,118.00,poblado,6,2,2,si,si,0.72,885.53,si
225,1393.43,157.44,poblado,6,3,2,si,si,0.92,1089.22,no
226,1151.06,118.12,poblado,6,2,2,si,si,0.72,853.99,no
227,1417.40,151.34,poblado,6,5,4,no,si,0.90,1118.50,si
228,1617.89,192.00,poblado,5,3,3,si,si,1.13,1295.74,si
229,1717.44,202.00,poblado,6,3,3,si,si,1.19,1311.99,si
230,1567.08,176.00,poblado,6,3,2,si,si,1.06,1149.61,si
231,1118.54,106.00,poblado,6,3,2,si,si,0.66,874.25,si
232,1402.79,149.00,poblado,6,3,3,si,si,0.90,1105.17,si
233,1230.62,129.63,poblado,6,3,4,si,si,0.79,961.75,no
234,1046.69,95.57,poblado,6,2,2,si,si,0.60,796.49,si
235,1137.31,108.00,poblado,6,3,2,si,si,0.68,864.45,si
236,1358.94,141.00,poblado,6,3,2,no,si,0.87,1022.25,si
237,1896.26,231.02,poblado,6,3,3,si,si,1.38,1442.83,si
238,1178.60,113.00,poblado,6,2,2,si,si,0.70,861.98,si
239,1253.71,124.00,poblado,6,3,2,si,si,0.73,998.66,si
240,1391.30,145.02,poblado,6,3,3,si,si,0.92,1031.01,si
241,1359.08,140.00,poblado,6,3,2,no,si,0.88,1014.96,si
242,1320.07,134.00,poblado,6,3,2,si,si,0.84,1013.92,si
243,1577.75,175.21,poblado,6,3,2,si,si,1.10,1155.29,si
244,1347.14,146.90,poblado,6,3,2,si,si,0.89,1007.01,no
245,1536.40,167.75,poblado,6,4,3,si,si,1.03,1197.04,si
246,1566.89,187.00,poblado,4,3,4,si,si,1.15,1211.64,si
247,1488.83,160.00,poblado,6,3,2,si,si,0.99,1156.05,si
248,1702.15,195.00,poblado,6,3,3,si,si,1.21,1254.82,si
249,1899.66,230.00,poblado,6,3,4,si,si,1.38,1526.11,si
250,2091.72,264.00,poblado,6,4,6,no,si,1.58,1656.31,si
251,1189.69,113.00,poblado,6,2,2,si,si,0.67,929.10,si
252,1813.47,213.00,poblado,6,3,4,si,si,1.32,1463.98,si
253,1325.86,133.00,poblado,6,3,3,si,si,0.81,1041.17,si
254,1579.20,173.00,poblado,6,3,2,si,si,1.02,1207.01,si
255,1125.81,104.00,poblado,6,2,2,si,si,0.62,910.01,si
256,1258.71,123.00,poblado,6,2,2,si,si,0.76,938.29,si
257,1436.28,150.00,poblado,6,2,2,si,si,0.95,1117.08,si
258,1651.98,185.00,poblado,6,3,3,si,si,1.12,1272.82,si
259,1360.67,138.00,poblado,6,2,2,si,si,0.86,1004.07,si
260,1247.90,121.00,poblado,6,2,2,si,si,0.76,929.34,si
261,1894.91,226.00,poblado,6,3,3,si,si,1.34,1448.77,si
262,1808.64,210.00,poblado,6,3,4,no,si,1.28,1452.41,si
263,2049.89,253.00,poblado,6,3,3,si,si,1.49,1632.53,si
264,1812.65,210.00,poblado,6,3,3,no,si,1.34,1456.07,si
265,1695.70,189.96,poblado,6,3,4,si,si,1.14,1328.89,si
266,2073.09,255.30,poblado,6,3,2,si,si,1.58,1558.30,si
267,1342.66,132.00,poblado,6,3,2,si,si,0.89,1063.92,si
268,1718.85,189.00,poblado,6,3,4,si,si,1.17,1335.89,si
269,2925.68,418.00,poblado,6,3,1,no,si,2.60,2265.41,si
270,2078.62,250.00,poblado,6,3,3,si,si,1.57,1614.34,si
271,1518.58,155.00,poblado,6,3,3,si,si,0.95,1168.82,si
272,1524.50,155.00,poblado,6,3,3,no,si,0.94,1149.23,si
273,1739.42,189.00,poblado,6,3,3,si,si,1.16,1299.00,si
274,2147.56,258.00,poblado,6,3,3,si,si,1.53,1665.30,si
275,1618.13,167.80,poblado,6,3,2,si,si,1.02,1241.43,si
276,1525.73,153.00,poblado,6,3,2,si,si,0.94,1132.09,si
277,1548.41,156.00,poblado,6,3,4,no,si,0.98,1182.86,si
278,2338.58,290.00,poblado,6,3,3,si,si,1.68,1893.50,si
279,1591.23,169.00,poblado,5,3,3,si,si,1.04,1175.73,si
280,2107.50,248.00,poblado,6,5,5,si,si,1.54,1629.35,si
281,2535.73,324.00,poblado,6,4,4,no,si,1.86,1886.58,si
282,1657.80,171.00,poblado,6,3,5,si,si,1.02,1245.07,si
283,2385.45,294.00,poblado,6,4,3,si,si,1.82,1915.04,si
284,3035.20,418.00,poblado,6,3,3,si,si,2.57,2237.06,si
285,1733.25,180.00,poblado,6,3,3,si,si,1.08,1345.97,si
286,2057.77,233.00,poblado,6,3,3,si,si,1.35,1632.55,si
287,1733.25,180.00,poblado,6,3,5,no,si,1.09,1294.95,si
288,2098.68,240.00,poblado,6,3,3,si,si,1.45,1630.76,si
289,2062.82,233.86,poblado,6,4,3,si,si,1.42,1614.28,si
290,1529.34,159.00,poblado,4,2,2,si,si,1.01,1201.57,si
291,1814.63,190.00,poblado,6,3,3,si,si,1.15,1328.60,si
292,1939.51,210.00,poblado,6,3,4,no,si,1.26,1552.85,si
293,1637.34,162.00,poblado,6,3,3,si,si,1.02,1250.53,si
294,2305.34,271.00,poblado,6,4,3,no,si,1.59,1817.35,si
295,2578.85,320.00,poblado,6,3,4,si,si,1.91,2025.74,si
296,1794.13,185.00,poblado,6,3,3,si,si,1.08,1432.72,si
297,1870.21,196.00,poblado,6,2,2,si,si,1.13,1496.92,si
298,1779.24,181.00,poblado,6,3,3,si,si,1.14,1433.50,si
299,2550.13,311.00,poblado,6,4,3,si,si,1.87,1889.34,si
300,1963.78,209.00,poblado,6,3,3,si,si,1.22,1448.64,si
301,2637.85,325.00,poblado,6,3,3,no,si,1.99,2038.74,si
302,2545.33,326.05,poblado,6,3,2,si,si,1.99,1934.04,no
303,2783.45,350.00,poblado,6,5,5,si,si,2.08,2150.60,si
304,2649.60,325.00,poblado,6,3,4,si,si,1.99,1988.05,si
305,1532.25,151.66,poblado,6,4,2,si,si,0.98,1214.15,no
306,1849.13,186.00,poblado,6,3,3,si,si,1.08,1462.00,si
307,2842.13,355.00,poblado,6,4,4,si,si,2.08,2181.16,si
308,2227.10,245.00,poblado,6,3,4,si,si,1.50,1655.18,si
309,2659.92,320.00,poblado,6,3,3,si,si,1.90,2119.21,si
310,2476.96,284.00,poblado,6,4,4,si,si,1.71,1960.76,si
311,2718.00,324.00,poblado,6,3,3,si,si,1.98,2071.99,si
312,2164.14,230.00,poblado,6,5,5,si,si,1.38,1599.91,si
313,2582.39,300.00,poblado,6,4,4,si,si,1.81,1991.33,si
314,2219.62,238.00,poblado,6,3,3,si,si,1.43,1630.62,si
315,1953.25,196.00,poblado,6,3,3,si,si,1.18,1466.97,si
316,2735.39,324.00,poblado,6,4,5,si,si,1.92,2072.33,si
317,2085.08,215.00,poblado,6,3,3,si,si,1.30,1590.67,si
318,2371.85,260.00,poblado,6,4,4,si,si,1.55,1765.04,si
319,2377.69,260.00,poblado,6,3,4,si,si,1.55,1758.35,si
320,2211.97,248.00,poblado,6,4,4,si,si,1.49,1755.42,no
321,2127.05,219.90,poblado,6,4,5,si,si,1.15,1706.23,si
322,2216.80,234.00,poblado,6,3,3,si,si,1.41,1672.35,si
323,2911.41,350.00,poblado,6,4,4,no,si,2.04,2169.35,si
324,2344.19,250.00,poblado,6,3,3,no,si,1.47,1737.89,si
325,2551.64,284.00,poblado,6,3,4,si,si,1.78,1919.24,si
326,2366.56,251.00,poblado,6,3,4,si,si,1.50,1832.85,si
327,2471.97,268.00,poblado,6,3,4,si,si,1.61,1827.28,si
328,2471.35,267.00,poblado,6,4,4,si,si,1.54,1888.70,si
329,2504.80,272.00,poblado,6,3,3,si,si,1.67,1940.32,si
330,3838.71,500.00,poblado,6,3,3,si,si,3.11,2824.98,si
331,2763.31,305.00,poblado,6,3,3,si,si,1.80,2025.84,si
332,3085.40,360.00,poblado,6,3,4,si,si,2.19,2294.06,si
333,2733.11,300.00,poblado,6,3,4,si,si,1.88,2114.33,si
334,2841.23,309.00,poblado,6,4,5,si,si,1.85,2088.42,si
335,2610.19,272.00,poblado,6,4,4,si,si,1.69,2086.27,si
336,2932.22,324.00,poblado,6,3,4,si,si,1.92,2300.74,si
337,3410.35,396.00,poblado,6,3,4,si,si,2.29,2674.26,si
338,3093.56,342.00,poblado,6,4,4,si,si,2.04,2295.42,si
339,2524.83,262.00,poblado,5,2,3,si,si,1.63,1848.18,si
340,2519.12,248.00,poblado,6,2,2,si,si,1.54,1913.12,si
341,4015.62,500.00,poblado,6,4,4,si,si,2.89,3192.58,si
342,3331.19,373.00,poblado,6,3,3,si,si,2.19,2575.94,si
343,2837.44,291.00,poblado,6,3,3,si,si,1.76,2082.23,si
344,3019.11,318.00,poblado,6,3,3,si,si,1.90,2428.33,si
345,2491.26,238.19,poblado,6,4,4,si,si,1.50,1872.83,si
346,3797.74,445.00,poblado,6,5,4,si,si,2.55,2805.16,si
347,3635.88,399.00,poblado,6,3,3,no,si,2.39,2839.48,si
348,269.77,53.00,aburra sur,3,3,1,si,no,0.21,203.67,si
349,242.13,43.00,aburra sur,3,3,1,no,no,0.15,196.01,si
350,300.55,58.00,aburra sur,3,3,1,si,no,0.23,228.59,no
351,280.25,52.00,aburra sur,3,1,1,no,no,0.20,212.56,no
352,312.98,60.00,aburra sur,2,3,1,si,no,0.23,230.80,si
353,368.91,78.00,aburra sur,3,2,2,no,no,0.30,298.79,no
354,219.25,35.00,aburra sur,3,1,1,si,no,0.14,164.82,no
355,312.18,56.00,aburra sur,3,3,1,no,no,0.18,239.20,si
356,300.96,53.00,aburra sur,3,3,2,no,no,0.17,236.63,si
357,327.52,64.00,aburra sur,3,1,1,no,no,0.25,247.34,no
358,317.37,56.00,aburra sur,3,3,2,no,no,0.20,247.55,si
359,334.50,60.00,aburra sur,3,3,2,no,no,0.23,249.30,si
360,319.11,54.00,aburra sur,3,3,2,si,no,0.19,239.46,si
361,275.74,44.00,aburra sur,2,2,1,no,si,0.14,203.17,no
362,325.55,55.00,aburra sur,3,3,2,si,no,0.19,240.31,si
363,348.19,60.00,aburra sur,3,3,2,si,no,0.23,255.99,si
364,360.44,58.00,aburra sur,3,3,2,no,si,0.21,285.32,si
365,348.19,60.00,aburra sur,3,2,2,si,no,0.23,278.38,si
366,421.60,80.00,aburra sur,3,2,1,si,no,0.31,317.41,si
367,348.19,60.00,aburra sur,3,3,1,no,no,0.21,262.06,si
368,331.00,55.00,aburra sur,3,2,1,no,no,0.21,266.52,si
369,344.72,62.00,aburra sur,3,3,1,si,no,0.24,256.75,no
370,373.69,70.00,aburra sur,3,3,2,no,no,0.27,302.54,no
371,391.66,64.00,aburra sur,3,3,2,si,si,0.22,313.01,si
372,411.07,75.00,aburra sur,3,2,2,no,no,0.24,312.71,si
373,407.41,74.00,aburra sur,3,3,2,no,no,0.25,311.36,si
374,383.47,62.00,aburra sur,3,3,2,no,si,0.22,292.05,si
375,400.06,72.00,aburra sur,3,3,2,si,no,0.24,322.22,si
376,387.39,70.00,aburra sur,4,3,2,no,no,0.27,287.63,no
377,375.20,60.00,aburra sur,3,3,2,si,si,0.21,274.98,si
378,355.30,55.00,aburra sur,3,2,2,si,si,0.21,281.82,si
379,347.64,58.00,aburra sur,3,3,2,no,no,0.23,280.67,si
380,434.89,71.00,aburra sur,4,3,2,si,si,0.26,326.10,si
381,378.33,60.00,aburra sur,3,2,2,no,si,0.22,283.32,si
382,438.95,72.00,aburra sur,4,3,2,no,si,0.28,331.50,si
383,337.24,55.00,aburra sur,3,3,1,si,no,0.20,268.55,si
384,369.90,58.00,aburra sur,3,3,2,si,si,0.20,282.19,si
385,373.00,62.00,aburra sur,3,2,2,si,si,0.24,284.49,no
386,366.12,60.00,aburra sur,3,3,2,no,si,0.22,286.25,no
387,436.15,80.00,aburra sur,3,3,2,no,no,0.31,338.17,si
388,372.87,58.00,aburra sur,3,3,2,si,si,0.21,294.54,si
389,378.19,63.00,aburra sur,3,2,2,si,si,0.23,283.79,no
390,502.55,99.00,aburra sur,3,3,2,si,no,0.39,404.89,si
391,404.88,63.00,aburra sur,4,3,2,si,si,0.24,298.54,si
392,419.55,66.00,aburra sur,4,3,2,no,si,0.24,313.92,si
393,394.99,60.00,aburra sur,4,3,2,no,si,0.23,314.95,si
394,394.99,60.00,aburra sur,4,3,2,no,si,0.23,303.19,si
395,417.68,68.00,aburra sur,3,3,2,si,si,0.22,319.54,si
396,552.53,120.00,aburra sur,3,5,2,si,no,0.47,430.66,no
397,381.74,57.00,aburra sur,4,2,2,si,si,0.22,291.47,si
398,419.57,68.00,aburra sur,3,3,2,no,si,0.22,339.15,si
399,496.43,95.00,aburra sur,3,4,3,si,no,0.37,386.30,si
400,513.65,100.00,aburra sur,3,4,2,si,no,0.39,389.51,si
401,423.34,78.00,aburra sur,2,2,2,no,no,0.30,312.36,si
402,393.56,67.00,aburra sur,3,3,2,no,no,0.22,289.06,si
403,396.35,63.00,aburra sur,4,3,2,no,si,0.23,291.65,no
404,603.32,126.00,aburra sur,3,4,2,no,no,0.49,453.84,si
405,385.67,59.00,aburra sur,3,2,2,si,si,0.22,282.37,si
406,531.04,104.00,aburra sur,3,3,1,si,no,0.41,429.42,si
407,403.37,64.00,aburra sur,4,2,2,si,si,0.23,315.37,no
408,409.96,64.00,aburra sur,3,3,2,no,si,0.22,310.42,si
409,571.00,112.00,aburra sur,3,3,2,no,si,0.36,431.81,no
410,438.67,68.00,aburra sur,4,3,2,si,si,0.25,327.11,si
411,438.67,68.00,aburra sur,4,3,2,si,si,0.24,323.60,si
412,395.41,60.00,aburra sur,3,2,2,si,si,0.22,299.63,si
413,364.10,53.00,aburra sur,3,2,2,si,si,0.20,282.10,si
414,429.73,68.00,aburra sur,3,2,2,si,si,0.22,321.06,si
415,506.68,100.00,aburra sur,3,3,3,si,no,0.32,374.34,no
416,398.01,60.00,aburra sur,3,3,2,si,si,0.22,315.89,si
417,422.55,63.00,aburra sur,4,3,2,si,si,0.23,335.44,si
418,422.55,63.00,aburra sur,4,3,2,si,si,0.23,331.89,si
419,458.09,80.00,aburra sur,3,3,1,no,no,0.31,348.92,si
420,422.46,65.00,aburra sur,3,3,2,si,si,0.24,334.96,si
421,400.56,60.00,aburra sur,3,2,2,si,si,0.22,307.95,si
422,534.24,92.00,aburra sur,3,3,2,no,si,0.34,411.75,si
423,394.69,56.00,aburra sur,4,2,2,si,si,0.20,291.44,si
424,402.56,60.00,aburra sur,3,2,2,si,si,0.21,308.81,si
425,441.34,66.00,aburra sur,4,2,2,si,si,0.26,344.81,si
426,445.77,67.00,aburra sur,4,3,2,si,si,0.25,337.36,si
427,441.34,66.00,aburra sur,4,2,2,si,si,0.25,332.45,si
428,432.02,66.00,aburra sur,3,2,2,si,si,0.24,321.77,si
429,432.02,66.00,aburra sur,3,3,2,si,si,0.26,321.39,si
430,418.86,63.00,aburra sur,3,2,2,si,si,0.25,313.88,si
431,432.02,66.00,aburra sur,3,3,2,si,si,0.25,320.21,si
432,461.72,70.00,aburra sur,4,3,2,si,si,0.27,349.95,si
433,435.01,64.00,aburra sur,4,3,2,si,si,0.25,331.93,si
434,463.36,70.00,aburra sur,4,3,2,si,si,0.27,341.96,si
435,438.93,67.00,aburra sur,3,3,2,si,si,0.25,344.96,si
436,490.55,76.00,aburra sur,4,3,2,si,si,0.28,367.52,si
437,545.88,93.00,aburra sur,3,3,2,si,si,0.33,426.92,si
438,455.57,68.00,aburra sur,4,3,2,si,si,0.26,358.37,si
439,475.94,72.00,aburra sur,4,3,2,si,si,0.28,350.48,si
440,589.71,95.00,aburra sur,5,3,2,no,si,0.35,436.90,si
441,496.12,76.00,aburra sur,4,3,2,si,si,0.28,385.31,si
442,465.24,69.00,aburra sur,4,3,2,si,si,0.25,362.63,si
443,571.64,98.00,aburra sur,3,3,2,si,si,0.38,421.96,si
444,457.03,70.00,aburra sur,3,3,2,si,si,0.23,361.02,si
445,518.39,78.00,aburra sur,5,3,2,si,si,0.29,402.85,si
446,438.75,70.00,aburra sur,3,3,2,si,si,0.26,346.30,no
447,472.27,70.00,aburra sur,4,2,2,si,si,0.26,364.97,si
448,567.75,88.00,aburra sur,5,3,2,si,si,0.32,448.66,si
449,515.01,76.00,aburra sur,5,3,2,si,si,0.28,407.27,si
450,459.39,64.00,aburra sur,5,2,2,si,si,0.24,368.65,si
451,495.25,77.00,aburra sur,3,3,2,si,si,0.30,396.44,si
452,566.35,90.00,aburra sur,4,3,2,si,si,0.32,454.21,si
453,620.31,117.00,aburra sur,3,4,3,si,no,0.46,494.71,si
454,488.74,72.00,aburra sur,4,3,2,si,si,0.25,371.99,si
455,550.03,86.00,aburra sur,4,3,2,si,si,0.33,413.75,si
456,471.14,71.00,aburra sur,3,3,2,si,si,0.28,361.84,si
457,475.10,69.00,aburra sur,4,2,2,si,si,0.24,348.04,si
458,488.74,72.00,aburra sur,4,2,2,si,si,0.27,369.33,si
459,493.24,73.00,aburra sur,4,3,2,si,si,0.28,387.88,si
460,577.91,89.00,aburra sur,5,3,2,no,si,0.35,424.23,si
461,594.58,100.00,aburra sur,3,4,3,si,si,0.48,474.52,si
462,540.44,86.00,aburra sur,3,3,2,si,si,0.32,434.86,si
463,555.44,86.00,aburra sur,4,3,2,si,si,0.31,406.45,si
464,568.25,89.00,aburra sur,4,3,2,si,si,0.33,451.96,si
465,562.38,87.00,aburra sur,4,3,2,si,si,0.31,446.71,si
466,554.78,85.00,aburra sur,4,3,2,si,si,0.31,422.17,si
467,520.08,74.00,aburra sur,5,2,2,si,si,0.29,415.52,si
468,565.82,84.00,aburra sur,5,2,2,si,si,0.33,442.38,si
469,555.30,85.00,aburra sur,4,3,2,si,si,0.33,421.81,si
470,484.28,69.00,aburra sur,4,2,2,si,si,0.26,383.36,si
471,580.50,90.00,aburra sur,4,3,2,si,si,0.34,443.41,si
472,513.96,72.00,aburra sur,5,1,1,si,si,0.28,383.83,si
473,574.97,85.00,aburra sur,5,3,2,si,si,0.32,431.87,si
474,666.33,110.00,aburra sur,4,3,3,si,si,0.39,522.88,si
475,543.63,81.00,aburra sur,4,3,2,si,si,0.30,409.03,si
476,621.24,99.00,aburra sur,4,3,2,si,si,0.36,498.28,si
477,796.81,143.00,aburra sur,4,3,2,si,si,0.52,624.64,si
478,579.01,85.00,aburra sur,5,3,2,si,si,0.31,430.88,si
479,628.14,100.00,aburra sur,4,3,3,si,si,0.38,488.39,si
480,744.30,124.00,aburra sur,5,3,3,no,si,0.47,560.84,si
481,579.42,88.00,aburra sur,4,3,2,si,si,0.32,466.92,si
482,520.99,75.00,aburra sur,4,3,2,si,si,0.27,392.03,si
483,575.03,87.00,aburra sur,4,3,2,si,si,0.31,455.19,si
484,567.76,82.00,aburra sur,5,2,3,si,si,0.31,426.27,si
485,579.42,88.00,aburra sur,4,3,2,si,si,0.32,449.77,si
486,496.39,67.00,aburra sur,5,1,1,si,si,0.27,401.00,si
487,617.34,93.00,aburra sur,5,3,2,si,si,0.35,461.52,si
488,565.51,81.00,aburra sur,5,3,2,si,si,0.30,415.85,si
489,546.52,74.00,aburra sur,6,2,2,si,si,0.29,402.94,si
490,522.91,72.00,aburra sur,5,2,2,si,si,0.27,387.66,si
491,522.91,72.00,aburra sur,5,2,2,si,si,0.27,419.16,si
492,588.65,89.00,aburra sur,4,2,2,si,si,0.33,472.38,si
493,665.36,107.00,aburra sur,4,3,2,si,si,0.38,491.30,si
494,611.52,90.00,aburra sur,5,3,2,si,si,0.33,452.87,si
495,613.95,90.00,aburra sur,5,3,2,si,si,0.35,475.69,si
496,691.39,112.00,aburra sur,4,3,2,si,si,0.39,523.63,si
497,771.95,127.00,aburra sur,5,3,2,no,si,0.50,596.81,si
498,584.48,87.00,aburra sur,4,3,2,si,si,0.32,451.36,si
499,710.05,112.00,aburra sur,5,3,2,si,si,0.39,551.62,si
500,652.25,98.00,aburra sur,5,3,2,si,si,0.36,523.84,si
501,643.70,100.00,aburra sur,4,3,3,si,si,0.39,489.37,si
502,627.42,96.00,aburra sur,4,3,2,si,si,0.34,481.61,si
503,611.31,92.00,aburra sur,4,1,2,si,si,0.36,462.10,si
504,724.03,114.00,aburra sur,5,3,2,si,si,0.44,576.85,si
505,627.82,92.00,aburra sur,5,3,2,si,si,0.35,484.68,si
506,709.70,110.00,aburra sur,5,3,2,si,si,0.42,534.66,si
507,729.45,114.00,aburra sur,5,3,3,si,si,0.43,568.50,si
508,720.91,112.00,aburra sur,5,3,2,si,si,0.43,553.77,si
509,699.35,107.00,aburra sur,5,3,3,si,si,0.39,557.19,si
510,613.85,87.00,aburra sur,5,3,2,si,si,0.34,456.07,si
511,762.90,120.00,aburra sur,5,3,3,si,si,0.46,606.11,si
512,653.13,95.00,aburra sur,5,3,2,si,si,0.37,490.32,si
513,752.77,117.00,aburra sur,5,4,4,si,si,0.42,597.52,si
514,664.54,97.00,aburra sur,5,3,2,si,si,0.36,535.46,si
515,682.36,104.00,aburra sur,4,2,2,si,si,0.36,505.49,si
516,921.58,157.00,aburra sur,5,3,3,si,si,0.58,701.36,si
517,283.62,54.00,belen guayabal,2,3,1,si,no,0.20,217.64,no
518,273.14,46.00,belen guayabal,3,3,1,no,no,0.15,206.32,si
519,358.27,72.00,belen guayabal,3,3,1,si,no,0.24,273.06,no
520,335.73,64.00,belen guayabal,3,4,1,no,no,0.24,246.21,no
521,293.70,45.00,belen guayabal,3,3,1,si,si,0.16,235.01,si
522,339.00,55.00,belen guayabal,3,3,2,si,si,0.19,260.49,si
523,291.96,50.00,belen guayabal,3,3,2,si,no,0.17,217.22,no
524,285.49,45.00,belen guayabal,3,2,2,si,no,0.17,222.48,si
525,329.83,55.00,belen guayabal,3,3,2,si,no,0.19,265.05,si
526,337.31,56.00,belen guayabal,3,3,2,si,no,0.21,248.40,si
527,362.02,61.00,belen guayabal,3,3,2,si,no,0.21,267.23,si
528,348.02,57.00,belen guayabal,3,3,2,si,no,0.19,270.54,si
529,374.14,58.00,belen guayabal,3,3,2,no,si,0.19,282.28,si
530,540.96,117.00,belen guayabal,3,4,1,si,no,0.43,429.70,no
531,469.23,92.00,belen guayabal,3,5,2,si,no,0.34,344.00,no
532,382.32,56.00,belen guayabal,4,3,2,si,si,0.19,298.33,si
533,545.89,106.00,belen guayabal,3,3,1,si,no,0.39,405.75,si
534,387.04,58.00,belen guayabal,3,3,2,si,si,0.21,283.25,si
535,498.37,92.00,belen guayabal,3,3,1,si,no,0.34,374.77,si
536,407.73,62.00,belen guayabal,3,3,2,si,si,0.20,328.04,si
537,410.00,60.00,belen guayabal,4,3,2,si,si,0.21,305.89,si
538,417.47,70.00,belen guayabal,3,4,2,si,no,0.21,326.86,si
539,399.22,57.00,belen guayabal,4,2,2,si,si,0.20,301.17,si
540,529.60,95.00,belen guayabal,4,4,3,si,no,0.35,418.60,si
541,463.46,81.00,belen guayabal,3,3,1,si,no,0.30,368.77,si
542,616.30,123.00,belen guayabal,3,3,2,si,no,0.46,458.43,si
543,442.89,69.00,belen guayabal,5,3,1,si,no,0.26,325.40,si
544,490.18,80.00,belen guayabal,3,2,2,no,si,0.28,391.16,si
545,528.61,86.00,belen guayabal,4,3,2,si,si,0.31,415.40,si
546,437.04,78.00,belen guayabal,3,3,2,si,no,0.29,341.77,no
547,586.76,114.00,belen guayabal,3,3,2,si,no,0.42,474.57,si
548,529.96,97.00,belen guayabal,3,4,1,si,no,0.36,391.62,si
549,504.21,90.00,belen guayabal,3,3,2,no,no,0.33,382.15,si
550,440.32,64.00,belen guayabal,4,3,2,si,si,0.22,339.15,si
551,431.13,62.00,belen guayabal,4,3,1,si,si,0.22,332.52,si
552,449.77,72.00,belen guayabal,4,3,2,no,no,0.27,330.10,si
553,514.13,80.00,belen guayabal,4,3,2,no,si,0.28,386.87,si
554,619.57,118.00,belen guayabal,3,3,2,si,no,0.44,457.04,si
555,607.72,110.00,belen guayabal,4,4,3,si,no,0.41,472.47,si
556,495.69,71.00,belen guayabal,5,3,2,si,si,0.24,382.99,si
557,541.05,84.00,belen guayabal,4,3,2,no,si,0.30,402.37,si
558,541.05,84.00,belen guayabal,4,3,2,no,si,0.31,398.86,si
559,509.12,73.00,belen guayabal,5,3,2,si,si,0.25,405.91,si
560,545.58,81.00,belen guayabal,5,3,2,si,si,0.29,415.16,si
561,569.79,90.00,belen guayabal,4,3,2,si,si,0.33,446.94,si
562,547.36,84.00,belen guayabal,4,3,2,no,si,0.30,400.58,si
563,560.79,83.00,belen guayabal,5,3,2,si,si,0.28,434.28,si
564,581.77,87.00,belen guayabal,5,3,2,si,si,0.31,467.65,si
565,596.83,106.00,belen guayabal,3,4,2,no,no,0.39,441.37,si
566,584.87,87.00,belen guayabal,5,3,2,si,si,0.31,433.55,si
567,649.56,111.00,belen guayabal,5,3,2,si,no,0.41,491.12,si
568,652.28,109.00,belen guayabal,5,3,2,si,si,0.39,506.90,no
569,626.48,95.00,belen guayabal,5,3,2,si,si,0.33,485.95,si
570,680.43,122.00,belen guayabal,4,4,2,si,no,0.45,500.69,si
571,665.66,123.00,belen guayabal,3,4,2,si,no,0.46,514.79,si
572,656.81,102.00,belen guayabal,5,4,2,no,si,0.35,479.52,si
573,533.11,77.00,belen guayabal,4,2,2,si,si,0.27,423.80,si
574,493.19,68.00,belen guayabal,4,4,3,si,si,0.22,384.02,si
575,671.88,104.00,belen guayabal,5,3,2,si,si,0.35,514.61,si
576,569.00,81.00,belen guayabal,5,2,2,si,si,0.30,455.61,si
577,576.38,82.00,belen guayabal,5,3,2,si,si,0.29,463.96,si
578,557.47,84.00,belen guayabal,3,3,2,si,si,0.31,411.28,si
579,531.35,75.00,belen guayabal,4,3,2,si,si,0.26,413.48,si
580,768.96,129.00,belen guayabal,4,3,3,si,si,0.45,603.91,si
581,577.27,80.00,belen guayabal,5,2,2,si,si,0.30,461.26,si
582,807.29,137.00,belen guayabal,4,3,4,si,si,0.48,592.42,si
583,637.47,104.00,belen guayabal,4,3,2,si,no,0.38,495.90,si
584,196.71,41.00,centro,3,2,1,no,no,0.14,157.45,si
585,139.88,26.00,centro,4,1,1,no,no,0.14,106.39,no
586,161.12,30.00,centro,3,1,1,no,si,0.14,125.96,no
587,193.37,38.00,centro,3,1,1,si,no,0.14,145.62,si
588,219.57,46.00,centro,3,2,1,no,no,0.14,177.06,si
589,227.14,48.00,centro,3,3,2,no,no,0.14,174.23,si
590,238.71,55.00,centro,3,3,2,no,no,0.15,178.54,no
591,248.29,54.00,centro,3,2,2,si,no,0.15,190.11,si
592,211.09,43.00,centro,4,2,1,si,no,0.14,158.05,no
593,262.65,62.00,centro,3,3,2,si,no,0.17,195.58,no
594,246.86,49.00,centro,4,2,1,no,si,0.15,197.92,no
595,208.50,40.00,centro,4,2,1,si,no,0.14,156.53,no
596,234.88,45.00,centro,4,2,1,si,no,0.14,185.76,si
597,335.07,80.00,centro,3,3,2,no,no,0.25,251.11,si
598,259.13,54.00,centro,3,2,2,si,no,0.17,195.61,si
599,212.92,40.00,centro,4,2,1,no,no,0.14,161.43,no
600,259.46,52.00,centro,3,3,1,si,no,0.14,196.92,si
601,267.63,53.00,centro,3,3,2,si,no,0.16,211.83,si
602,265.99,50.00,centro,4,2,2,si,no,0.15,194.66,si
603,300.28,60.00,centro,4,3,2,no,no,0.17,227.64,si
604,275.74,55.00,centro,3,3,2,si,no,0.16,204.47,si
605,476.25,127.00,centro,4,3,3,no,no,0.39,384.54,no
606,433.79,115.00,centro,3,4,1,no,no,0.36,337.04,no
607,321.02,66.00,centro,4,3,2,si,no,0.20,244.46,si
608,356.39,70.00,centro,4,2,2,no,si,0.20,266.86,si
609,349.28,74.00,centro,4,3,2,no,no,0.23,259.22,si
610,526.14,150.00,centro,3,3,3,no,no,0.47,391.32,no
611,321.58,62.00,centro,4,3,2,no,si,0.18,247.75,no
612,368.26,74.00,centro,3,3,2,si,si,0.19,276.93,si
613,427.12,86.00,centro,4,3,2,no,si,0.25,313.37,si
614,328.69,58.00,centro,4,3,2,si,si,0.18,241.07,si
615,782.60,210.00,centro,5,3,2,si,no,0.62,616.25,si
616,815.51,210.00,centro,4,3,2,si,si,0.65,628.86,si
617,730.60,178.00,centro,4,4,2,si,si,0.46,583.19,si
618,768.33,192.00,centro,4,3,2,si,si,0.56,573.85,si
619,715.27,185.00,centro,4,5,3,no,no,0.57,557.62,si
620,858.36,255.00,centro,4,4,3,si,no,0.79,685.86,no
621,813.79,226.00,centro,4,3,3,si,no,0.62,611.38,no
622,449.99,66.00,laureles,5,2,1,si,no,0.32,344.15,no
623,462.91,65.00,laureles,4,2,1,no,si,0.28,366.11,no
624,396.10,44.00,laureles,5,2,1,si,si,0.21,307.69,si
625,638.60,93.00,laureles,4,3,3,si,si,0.39,466.38,si
626,628.43,91.00,laureles,5,3,2,no,si,0.42,496.31,no
627,689.59,112.00,laureles,5,4,2,si,no,0.54,516.09,no
628,749.30,114.00,laureles,4,3,2,no,si,0.55,553.58,si
629,643.74,85.00,laureles,5,2,2,si,si,0.35,485.84,si
630,621.59,80.00,laureles,5,3,2,si,si,0.35,458.19,si
631,635.07,86.00,laureles,4,3,3,si,si,0.34,513.85,si
632,636.63,85.00,laureles,4,2,2,no,si,0.41,513.07,si
633,738.10,102.00,laureles,5,3,3,no,si,0.41,594.32,si
634,786.75,116.00,laureles,4,3,3,si,si,0.56,602.27,si
635,753.59,104.00,laureles,5,3,3,si,si,0.42,557.66,si
636,680.75,89.00,laureles,5,3,1,si,si,0.35,527.06,si
637,662.85,89.00,laureles,4,3,3,si,si,0.43,497.03,si
638,673.71,87.00,laureles,5,2,2,si,si,0.37,517.46,si
639,902.33,135.00,laureles,5,3,3,no,si,0.62,729.95,si
640,852.11,123.00,laureles,5,3,4,si,si,0.59,653.13,si
641,838.23,120.00,laureles,5,3,2,no,si,0.55,649.93,si
642,864.13,129.00,laureles,4,3,3,si,si,0.58,665.86,si
643,618.76,75.00,laureles,5,3,2,si,si,0.36,488.62,si
644,791.29,113.00,laureles,4,3,3,si,si,0.50,636.39,si
645,667.53,118.00,laureles,5,3,2,si,no,0.57,497.92,si
646,868.58,130.00,laureles,4,3,3,si,si,0.58,639.55,si
647,863.55,123.00,laureles,5,3,2,si,si,0.50,653.74,si
648,780.65,110.00,laureles,4,3,2,si,si,0.50,598.04,si
649,708.13,95.00,laureles,4,3,2,si,si,0.46,568.94,si
650,785.57,106.00,laureles,5,3,2,no,si,0.42,627.45,si
651,894.27,128.00,laureles,5,3,3,si,si,0.55,713.99,si
652,773.95,103.00,laureles,5,3,2,si,si,0.45,596.87,si
653,1348.12,261.00,laureles,4,4,2,no,si,1.25,986.07,no
654,749.75,97.00,laureles,5,3,2,si,si,0.46,593.38,si
655,904.12,133.00,laureles,4,3,2,no,si,0.53,706.73,si
656,768.13,100.00,laureles,5,2,2,no,si,0.48,608.85,si
657,1014.25,151.00,laureles,5,4,3,no,si,0.66,746.41,si
658,1031.55,154.00,laureles,5,3,2,no,si,0.61,759.22,si
659,862.03,115.00,laureles,5,3,2,no,si,0.53,635.07,si
660,1121.86,170.00,laureles,5,3,2,no,si,0.72,876.04,si
661,1081.27,160.00,laureles,5,3,3,si,si,0.77,861.99,si
662,907.78,123.00,laureles,5,3,2,si,si,0.59,709.23,si
663,769.85,96.00,laureles,5,3,3,no,si,0.46,599.74,si
664,896.05,120.00,laureles,5,3,3,si,si,0.51,714.40,si
665,1065.87,155.00,laureles,5,3,3,si,si,0.74,844.25,si
666,1070.30,150.00,laureles,6,3,2,no,si,0.70,795.02,si
667,1480.29,254.00,laureles,5,4,4,si,si,1.10,1141.01,si
668,964.20,132.00,laureles,5,3,2,no,si,0.64,737.88,si
669,1002.68,140.00,laureles,5,3,3,no,si,0.60,774.71,si
670,966.07,132.00,laureles,5,3,1,si,si,0.53,711.10,si
671,905.72,119.00,laureles,5,3,2,si,si,0.57,661.25,si
672,1018.65,142.00,laureles,5,3,2,no,si,0.60,804.16,si
673,890.47,116.00,laureles,5,2,2,si,si,0.56,701.41,si
674,1704.14,305.00,laureles,5,4,4,no,si,1.46,1305.37,si
675,1015.36,140.00,laureles,5,3,3,si,si,0.63,806.85,si
676,1337.64,210.00,laureles,5,3,2,si,si,0.93,1016.07,si
677,822.13,101.00,laureles,5,3,2,si,si,0.43,604.23,si
678,816.70,100.00,laureles,5,3,2,si,si,0.43,654.73,si
679,1006.89,137.00,laureles,5,3,3,no,si,0.66,800.84,si
680,1165.72,170.00,laureles,5,4,2,si,si,0.79,911.69,si
681,1027.51,140.00,laureles,5,3,3,si,si,0.67,792.83,si
682,1173.12,168.00,laureles,5,3,2,si,si,0.79,881.06,si
683,1159.15,165.00,laureles,5,3,3,si,si,0.76,875.02,si
684,989.20,130.00,laureles,5,2,2,si,si,0.62,789.38,si
685,1049.79,141.00,laureles,5,3,3,si,si,0.68,773.32,si
686,1265.10,181.00,laureles,5,3,2,si,si,0.80,948.42,si
687,978.48,123.00,laureles,5,4,3,si,si,0.60,759.14,si
688,1369.84,204.00,laureles,5,4,4,no,si,0.90,1035.27,si
689,1574.82,248.00,laureles,5,3,2,no,si,1.10,1270.56,si
690,1288.86,180.00,laureles,5,4,3,si,si,0.85,962.73,si
691,1467.30,209.00,laureles,6,4,3,si,si,0.94,1101.30,si
692,1192.28,149.00,laureles,6,3,4,no,si,0.75,932.46,si
693,1352.27,179.00,laureles,5,3,3,si,si,0.79,1036.27,si
694,3140.96,494.00,laureles,5,3,4,si,si,2.35,2448.19,si
