TV;Radio;Newspaper;Web;Price;Discount;Distribution;Seasonality_Index
178,90;47,06;5,68;222,76;11,58;4,62;68,65;1,04
70,80;6,61;7,05;250,44;21,74;5,53;60,22;0,99
99,92;0,54;25,28;195,08;18,81;14,40;57,53;1,14
245,29;27,02;26,50;152,77;20,80;5,80;52,95;1,19
101,91;31,97;46,19;213,42;17,66;9,71;65,18;1,21
220,27;27,07;3,19;189,40;19,66;1,88;60,78;1,04
146,54;12,23;10,69;51,61;17,98;9,87;69,34;1,11
294,85;25,84;0,30;192,75;23,53;16,71;76,86;1,11
0,70;38,52;50,68;224,74;19,52;6,55;50,02;0,78
124,26;49,57;52,91;144,42;16,71;10,33;50,60;0,93
115,97;10,73;18,52;54,90;12,67;7,65;38,11;1,26
96,82;21,64;40,31;181,67;12,64;8,42;61,74;0,96
121,63;28,70;9,69;23,27;23,66;4,73;63,28;1,04
244,04;41,18;76,02;185,08;27,27;9,98;57,02;1,18
85,46;8,77;0,30;182,58;17,23;7,73;75,41;1,27
237,05;44,95;39,91;185,70;26,56;5,45;70,40;1,09
163,82;42,86;0,58;118,22;22,18;13,95;57,95;1,11
263,90;35,91;54,14;225,52;20,00;7,96;84,69;1,09
108,91;16,09;23,38;154,19;13,91;6,40;55,19;0,93
148,65;32,01;1,59;75,82;23,60;5,71;56,24;0,91
256,73;0,00;37,56;178,93;21,86;3,71;67,65;1,21
246,53;11,49;20,59;326,11;20,82;10,46;84,24;0,98
144,39;33,95;50,59;44,84;12,47;0,00;53,20;0,98
199,05;30,29;14,38;50,31;15,79;7,15;54,97;0,97
206,40;23,50;0,30;189,04;16,99;7,12;60,67;0,81
204,10;10,80;35,41;147,65;22,72;11,46;72,66;1,09
186,93;45,04;55,20;137,20;20,60;11,27;70,98;0,77
281,26;9,97;29,13;37,40;23,49;3,66;71,68;1,15
63,59;3,51;40,23;185,52;19,29;6,07;58,02;1,00
131,71;48,28;15,01;114,14;15,46;3,28;46,98;1,23
174,71;28,11;57,25;96,00;17,25;4,80;70,39;0,97
214,68;5,21;39,08;154,19;19,09;11,48;66,71;1,11
154,99;17,49;28,20;145,86;17,57;4,90;58,97;1,12
42,13;31,78;64,20;96,61;16,84;14,09;55,84;1,09
178,96;16,20;45,87;199,21;14,54;2,83;67,10;1,08
136,72;0,93;11,39;247,01;19,88;10,85;74,74;0,86
223,64;17,05;1,09;83,39;26,26;4,25;71,47;1,23
250,59;7,96;0,44;4,00;22,96;3,85;52,26;0,85
125,49;39,22;53,58;233,45;18,28;16,51;64,93;1,23
257,56;48,70;32,85;177,22;20,08;9,36;60,95;0,76
177,63;15,03;25,78;142,48;21,72;9,07;77,19;0,90
38,04;26,58;29,27;125,49;17,93;12,04;49,02;0,89
104,30;33,97;11,20;175,12;14,19;9,68;53,97;0,97
64,85;2,36;3,34;292,12;17,65;9,77;68,82;0,99
167,58;14,08;26,78;214,51;19,52;4,78;74,99;1,07
191,75;17,60;7,29;146,74;18,14;0,94;62,50;1,01
230,88;47,83;6,07;207,47;17,29;11,32;66,29;0,82
128,77;15,04;2,20;159,92;21,80;12,76;51,67;1,10
141,64;4,41;23,99;240,85;16,55;8,05;78,85;0,86
95,20;2,71;20,90;284,81;22,66;7,45;75,02;0,82
